항목,계,전,답,과수원,목장용지,임야,염전,대,공장용지,학교용지,주차장,주유소용지,창고용지,도로,철도용지,하천,제방,구거,유지,양어장,수도용지,공원,체육용지,유원지,종교용지,사적지,묘지,잡종지,광천지,공장 용지,학교 용지,주유소 용지,창고 용지,철도 용지,수도 용지,체육 용지,종교 용지
강서구 대저1동,17727660.8,1958007.0,4464878.0,4143.0,32293.0,4678.0,0.0,1877084.8,5621.0,80904.0,9829.0,20206.0,7462.0,1374616.0,346343.0,4246501.0,348622.0,823975.0,6552.0,0.0,0.0,646.0,209808.0,405.0,10474.0,0.0,1173.0,1893440.0,0.0,0.0,0.0,0.0,0.0,0.0,0.0,0.0,0.0
강서구 대저2동,29250833.8,1381832.0,8779395.0,5444.0,180597.0,149.0,0.0,1942425.6,37682.6,64977.0,34658.1,8756.0,120695.9,1545231.9,27715.0,7406824.0,437663.0,1375333.3,33325.6,0.0,122014.0,67613.8,10352.0,902.0,8234.0,0.0,0.0,5659013.0,0.0,0.0,0.0,0.0,0.0,0.0,0.0,0.0,0.0
강서구 강동동,18488440.3,1074405.2,10201936.7,8996.0,47171.0,25661.0,0.0,1349529.4,568.0,47777.0,762.0,5779.0,14783.0,1017745.0,244.0,3378674.0,143890.0,924788.0,15044.0,11548.0,0.0,0.0,29354.0,805.0,329.0,0.0,36982.0,151669.0,0.0,0.0,0.0,0.0,0.0,0.0,0.0,0.0,0.0
강서구 명지1동,7821967.8,600907.5,2203423.5,0.0,2812.5,387019.55,226.5,1445321.65,1258.0,121877.35,17787.25,5145.5,2567.5,852750.25,0.0,577969.55,187164.2,313449.2,36716.75,0.0,2097.95,278444.55,0.0,561.4,9615.4,0.0,2032.5,772819.25,0.0,0.0,0.0,0.0,0.0,0.0,0.0,0.0,0.0
강서구 명지2동,7821967.8,600907.5,2203423.5,0.0,2812.5,387019.55,226.5,1445321.65,1258.0,121877.35,17787.25,5145.5,2567.5,852750.25,0.0,577969.55,187164.2,313449.2,36716.75,0.0,2097.95,278444.55,0.0,561.4,9615.4,0.0,2032.5,772819.25,0.0,0.0,0.0,0.0,0.0,0.0,0.0,0.0,0.0
강서구 가락동,18951223.1,694010.8,10685427.0,2049.0,11298.0,16904.0,0.0,918549.8,0.0,53226.0,10372.0,10037.0,18608.0,1440650.4,0.0,3093878.0,136367.0,1414760.2,171453.0,0.0,0.0,3229.9,2038.0,0.0,2890.0,0.0,79810.0,185665.0,0.0,0.0,0.0,0.0,0.0,0.0,0.0,0.0,0.0
강서구 녹산동,56861461.2,1028182.0,1924995.0,41510.0,1550.0,23688999.2,60238.0,2636630.6,13609542.4,131728.9,173737.3,36473.7,117181.4,5536563.0,225451.0,1602785.1,179516.8,794698.0,261329.1,0.0,33464.1,2504402.8,17915.6,611717.9,25389.4,0.0,102244.0,1515215.9,0.0,0.0,0.0,0.0,0.0,0.0,0.0,0.0,0.0
강서구 가덕도동,24571090.3,1389351.0,1121614.0,3100.0,70425.0,16600678.0,0.0,578952.0,14276.0,58707.0,1179.7,492.0,1965.0,903526.1,93919.8,0.0,49927.7,126265.1,40782.0,0.0,4663.0,94221.4,0.0,0.0,29071.0,17880.0,112136.0,3257958.5,0.0,0.0,0.0,0.0,0.0,0.0,0.0,0.0,0.0
금정구 서1동,559957.7666666667,1305.0,3533.3333333333335,0.0,0.0,148097.0,0.0,266586.6666666667,0.0,34209.4,4490.400000000001,955.7666666666668,361.3,89331.03333333333,0.0,0.0,0.0,4793.933333333333,0.0,0.0,1669.6666666666667,716.1333333333333,0.0,0.0,3207.4,0.0,174.0,526.7333333333333,0.0,0.0,0.0,0.0,0.0,0.0,0.0,0.0,0.0
금정구 서2동,559957.7666666667,1305.0,3533.3333333333335,0.0,0.0,148097.0,0.0,266586.6666666667,0.0,34209.4,4490.400000000001,955.7666666666668,361.3,89331.03333333333,0.0,0.0,0.0,4793.933333333333,0.0,0.0,1669.6666666666667,716.1333333333333,0.0,0.0,3207.4,0.0,174.0,526.7333333333333,0.0,0.0,0.0,0.0,0.0,0.0,0.0,0.0,0.0
금정구 서3동,559957.7666666667,1305.0,3533.3333333333335,0.0,0.0,148097.0,0.0,266586.6666666667,0.0,34209.4,4490.400000000001,955.7666666666668,361.3,89331.03333333333,0.0,0.0,0.0,4793.933333333333,0.0,0.0,1669.6666666666667,716.1333333333333,0.0,0.0,3207.4,0.0,174.0,526.7333333333333,0.0,0.0,0.0,0.0,0.0,0.0,0.0,0.0,0.0
금정구 금사회동동,5516255.199999999,72543.0,60704.0,0.0,0.0,3073050.0,0.0,559568.2,461548.80000000005,27714.5,6898.0,11477.3,17231.5,628412.8,0.0,282167.0,0.0,31493.5,0.0,0.0,151598.0,36550.0,0.0,0.0,5523.2,0.0,0.0,81130.7,0.0,0.0,0.0,0.0,0.0,0.0,0.0,0.0,0.0
금정구 부곡1동,994853.85,3338.5,3251.25,0.0,422.25,397545.575,0.0,352778.0,2510.575,76557.925,1585.075,2837.8,600.6,112413.425,36.25,12028.625,205.0,12125.15,0.0,0.0,10.75,3229.425,0.0,0.0,10500.65,0.0,1303.25,1573.775,0.0,0.0,0.0,0.0,0.0,0.0,0.0,0.0,0.0
금정구 부곡2동,994853.85,3338.5,3251.25,0.0,422.25,397545.575,0.0,352778.0,2510.575,76557.925,1585.075,2837.8,600.6,112413.425,36.25,12028.625,205.0,12125.15,0.0,0.0,10.75,3229.425,0.0,0.0,10500.65,0.0,1303.25,1573.775,0.0,0.0,0.0,0.0,0.0,0.0,0.0,0.0,0.0
금정구 부곡3동,7824102.85,29623.5,147267.25,0.0,422.25,5072553.575,0.0,423204.0,2510.575,76557.925,2151.075,2837.8,1029.6,272310.425,36.25,349520.625,205.0,112105.15,0.0,0.0,1286306.75,3229.425,0.0,0.0,15246.65,0.0,19093.25,3084.775,0.0,0.0,0.0,0.0,0.0,0.0,0.0,0.0,0.0
금정구 부곡4동,994853.85,3338.5,3251.25,0.0,422.25,397545.575,0.0,352778.0,2510.575,76557.925,1585.075,2837.8,600.6,112413.425,36.25,12028.625,205.0,12125.15,0.0,0.0,10.75,3229.425,0.0,0.0,10500.65,0.0,1303.25,1573.775,0.0,0.0,0.0,0.0,0.0,0.0,0.0,0.0,0.0
금정구 장전1동,2009300.5333333332,536.0,8435.666666666666,0.0,0.0,1281009.3333333333,0.0,385782.8,143.33333333333334,156964.86666666667,2106.866666666667,168.0,321.40000000000003,125013.8,0.0,19268.533333333333,718.6666666666666,5460.3,43.666666666666664,0.0,0.0,5808.566666666667,0.0,0.0,11932.766666666668,0.0,3085.3333333333335,2500.633333333333,0.0,0.0,0.0,0.0,0.0,0.0,0.0,0.0,0.0
금정구 장전2동,2009300.5333333332,536.0,8435.666666666666,0.0,0.0,1281009.3333333333,0.0,385782.8,143.33333333333334,156964.86666666667,2106.866666666667,168.0,321.40000000000003,125013.8,0.0,19268.533333333333,718.6666666666666,5460.3,43.666666666666664,0.0,0.0,5808.566666666667,0.0,0.0,11932.766666666668,0.0,3085.3333333333335,2500.633333333333,0.0,0.0,0.0,0.0,0.0,0.0,0.0,0.0,0.0
금정구 장전3동,2009300.5333333332,536.0,8435.666666666666,0.0,0.0,1281009.3333333333,0.0,385782.8,143.33333333333334,156964.86666666667,2106.866666666667,168.0,321.40000000000003,125013.8,0.0,19268.533333333333,718.6666666666666,5460.3,43.666666666666664,0.0,0.0,5808.566666666667,0.0,0.0,11932.766666666668,0.0,3085.3333333333335,2500.633333333333,0.0,0.0,0.0,0.0,0.0,0.0,0.0,0.0,0.0
금정구 선두구동,12041335.3,419853.0,1683867.0,5712.0,0.0,6527557.0,0.0,451943.0,39420.0,8688.0,2465.0,0.0,4197.0,477708.0,31814.0,719645.0,7050.0,181435.0,28679.0,0.0,488577.0,5198.0,787833.3,0.0,11155.0,0.0,61008.0,97531.0,0.0,0.0,0.0,0.0,0.0,0.0,0.0,0.0,0.0
금정구 청룡노포동,10911389.0,264973.0,605911.0,2549.0,0.0,7599679.0,0.0,405147.8,0.0,36321.6,29653.2,1619.0,6795.0,599639.9,310437.0,125231.0,12703.0,119484.4,9732.0,0.0,111995.0,1462.1,564538.0,0.0,55576.0,0.0,11989.0,35953.0,0.0,0.0,0.0,0.0,0.0,0.0,0.0,0.0,0.0
금정구 남산동,3638833.2,42956.0,89848.4,0.0,0.0,1942846.5,0.0,894711.8,0.0,195853.1,1311.9,4266.1,947.3,303396.2,0.0,35922.4,64.0,54771.5,7356.0,0.0,97.0,16900.2,26115.0,0.0,18560.5,0.0,1512.0,1397.3,0.0,0.0,0.0,0.0,0.0,0.0,0.0,0.0,0.0
금정구 구서1동,3109750.25,2570.0,28108.0,0.0,0.0,1864754.6,0.0,602583.2,39742.8,106880.55,2344.9,1537.8,103.45,292906.4,0.0,26718.1,0.0,19613.6,0.0,0.0,9138.55,4323.9,90650.0,0.0,8354.95,0.0,240.0,9179.45,0.0,0.0,0.0,0.0,0.0,0.0,0.0,0.0,0.0
금정구 구서2동,3109750.25,2570.0,28108.0,0.0,0.0,1864754.6,0.0,602583.2,39742.8,106880.55,2344.9,1537.8,103.45,292906.4,0.0,26718.1,0.0,19613.6,0.0,0.0,9138.55,4323.9,90650.0,0.0,8354.95,0.0,240.0,9179.45,0.0,0.0,0.0,0.0,0.0,0.0,0.0,0.0,0.0
금정구 금성동,8430304.4,117283.1,458680.5,0.0,0.0,7260670.4,0.0,99884.5,417.0,7310.0,0.0,0.0,801.0,74984.1,0.0,34659.0,0.0,107273.8,50.0,0.0,0.0,0.0,0.0,229796.0,26973.0,1987.0,7668.0,1867.0,0.0,0.0,0.0,0.0,0.0,0.0,0.0,0.0,0.0
기장군 기장읍,39252516.2,1376119.0,3425698.0,389509.0,338737.0,25149706.3,0.0,3152110.6,479529.6,161397.4,127513.3,27423.0,32364.6,2504762.3,164093.0,339671.7,16881.0,466819.9,96434.0,12513.0,16692.0,166286.3,321787.3,0.0,30719.3,0.0,113864.0,341884.6,0.0,0.0,0.0,0.0,0.0,0.0,0.0,0.0,0.0
기장군 장안읍,51124813.0,1391035.0,5497136.1,1047156.0,47588.0,32419327.0,0.0,1918113.1,2842703.2,79041.1,40596.4,16880.0,51277.3,2872109.9,166174.0,859453.9,79391.2,543768.0,139551.1,55.0,16932.6,660464.1,3822.0,17042.0,47084.0,0.0,83926.0,284185.8,0.0,0.0,0.0,0.0,0.0,0.0,0.0,0.0,0.0
기장군 정관읍,38207206.2,652686.0,2791528.0,83134.0,389138.0,23886723.0,0.0,3082394.3,1486569.4,308938.1,48134.8,18248.0,78752.3,2366432.6,0.0,551840.1,11451.7,286938.0,90512.0,0.0,11355.6,1080116.8,1573.0,5751.0,40742.6,0.0,623755.9,310491.0,0.0,0.0,0.0,0.0,0.0,0.0,0.0,0.0,0.0
기장군 일광읍,35766790.4,1747605.0,3812508.0,400167.0,339839.0,22608777.0,0.0,1573165.2,246229.0,32907.5,3718.0,14549.0,25730.3,1961448.1,130396.0,388038.5,15777.0,505219.0,80712.0,9459.0,0.0,6671.2,1488898.0,0.0,40513.0,0.0,83875.0,250588.6,0.0,0.0,0.0,0.0,0.0,0.0,0.0,0.0,0.0
기장군 철마면,53947360.0,1521837.0,5468498.0,241567.0,395280.0,41200391.0,0.0,978396.1,38898.0,33467.8,9503.0,8074.0,21408.0,1110721.4,186748.0,960184.0,26535.0,616120.0,148834.7,0.0,20424.9,66172.2,22933.0,0.0,17289.9,0.0,577437.0,276640.0,0.0,0.0,0.0,0.0,0.0,0.0,0.0,0.0,0.0
남구 대연1동,1577535.5764705883,15420.241176470587,6553.058823529412,0.0,0.0,491085.6058823529,0.0,490156.81764705887,39964.00588235294,98770.58823529411,4948.105882352941,4206.488235294118,5050.176470588235,160284.54705882352,1999.229411764706,6636.270588235295,2631.5470588235294,8964.411764705883,2.2941176470588234,0.0,2139.4,6417.547058823529,13781.723529411764,55.88235294117647,5253.752941176471,5.470588235294118,11585.64705882353,201622.76470588235,0.0,0.0,0.0,0.0,0.0,0.0,0.0,0.0,0.0
남구 대연3동,1577535.5764705883,15420.241176470587,6553.058823529412,0.0,0.0,491085.6058823529,0.0,490156.81764705887,39964.00588235294,98770.58823529411,4948.105882352941,4206.488235294118,5050.176470588235,160284.54705882352,1999.229411764706,6636.270588235295,2631.5470588235294,8964.411764705883,2.2941176470588234,0.0,2139.4,6417.547058823529,13781.723529411764,55.88235294117647,5253.752941176471,5.470588235294118,11585.64705882353,201622.76470588235,0.0,0.0,0.0,0.0,0.0,0.0,0.0,0.0,0.0
남구 대연4동,1577535.5764705883,15420.241176470587,6553.058823529412,0.0,0.0,491085.6058823529,0.0,490156.81764705887,39964.00588235294,98770.58823529411,4948.105882352941,4206.488235294118,5050.176470588235,160284.54705882352,1999.229411764706,6636.270588235295,2631.5470588235294,8964.411764705883,2.2941176470588234,0.0,2139.4,6417.547058823529,13781.723529411764,55.88235294117647,5253.752941176471,5.470588235294118,11585.64705882353,201622.76470588235,0.0,0.0,0.0,0.0,0.0,0.0,0.0,0.0,0.0
남구 대연5동,1577535.5764705883,15420.241176470587,6553.058823529412,0.0,0.0,491085.6058823529,0.0,490156.81764705887,39964.00588235294,98770.58823529411,4948.105882352941,4206.488235294118,5050.176470588235,160284.54705882352,1999.229411764706,6636.270588235295,2631.5470588235294,8964.411764705883,2.2941176470588234,0.0,2139.4,6417.547058823529,13781.723529411764,55.88235294117647,5253.752941176471,5.470588235294118,11585.64705882353,201622.76470588235,0.0,0.0,0.0,0.0,0.0,0.0,0.0,0.0,0.0
남구 대연6동,1577535.5764705883,15420.241176470587,6553.058823529412,0.0,0.0,491085.6058823529,0.0,490156.81764705887,39964.00588235294,98770.58823529411,4948.105882352941,4206.488235294118,5050.176470588235,160284.54705882352,1999.229411764706,6636.270588235295,2631.5470588235294,8964.411764705883,2.2941176470588234,0.0,2139.4,6417.547058823529,13781.723529411764,55.88235294117647,5253.752941176471,5.470588235294118,11585.64705882353,201622.76470588235,0.0,0.0,0.0,0.0,0.0,0.0,0.0,0.0,0.0
남구 용호1동,1577535.5764705883,15420.241176470587,6553.058823529412,0.0,0.0,491085.6058823529,0.0,490156.81764705887,39964.00588235294,98770.58823529411,4948.105882352941,4206.488235294118,5050.176470588235,160284.54705882352,1999.229411764706,6636.270588235295,2631.5470588235294,8964.411764705883,2.2941176470588234,0.0,2139.4,6417.547058823529,13781.723529411764,55.88235294117647,5253.752941176471,5.470588235294118,11585.64705882353,201622.76470588235,0.0,0.0,0.0,0.0,0.0,0.0,0.0,0.0,0.0
남구 용호2동,1577535.5764705883,15420.241176470587,6553.058823529412,0.0,0.0,491085.6058823529,0.0,490156.81764705887,39964.00588235294,98770.58823529411,4948.105882352941,4206.488235294118,5050.176470588235,160284.54705882352,1999.229411764706,6636.270588235295,2631.5470588235294,8964.411764705883,2.2941176470588234,0.0,2139.4,6417.547058823529,13781.723529411764,55.88235294117647,5253.752941176471,5.470588235294118,11585.64705882353,201622.76470588235,0.0,0.0,0.0,0.0,0.0,0.0,0.0,0.0,0.0
남구 용호3동,1577535.5764705883,15420.241176470587,6553.058823529412,0.0,0.0,491085.6058823529,0.0,490156.81764705887,39964.00588235294,98770.58823529411,4948.105882352941,4206.488235294118,5050.176470588235,160284.54705882352,1999.229411764706,6636.270588235295,2631.5470588235294,8964.411764705883,2.2941176470588234,0.0,2139.4,6417.547058823529,13781.723529411764,55.88235294117647,5253.752941176471,5.470588235294118,11585.64705882353,201622.76470588235,0.0,0.0,0.0,0.0,0.0,0.0,0.0,0.0,0.0
남구 용호4동,1577535.5764705883,15420.241176470587,6553.058823529412,0.0,0.0,491085.6058823529,0.0,490156.81764705887,39964.00588235294,98770.58823529411,4948.105882352941,4206.488235294118,5050.176470588235,160284.54705882352,1999.229411764706,6636.270588235295,2631.5470588235294,8964.411764705883,2.2941176470588234,0.0,2139.4,6417.547058823529,13781.723529411764,55.88235294117647,5253.752941176471,5.470588235294118,11585.64705882353,201622.76470588235,0.0,0.0,0.0,0.0,0.0,0.0,0.0,0.0,0.0
남구 용당동,1577535.5764705883,15420.241176470587,6553.058823529412,0.0,0.0,491085.6058823529,0.0,490156.81764705887,39964.00588235294,98770.58823529411,4948.105882352941,4206.488235294118,5050.176470588235,160284.54705882352,1999.229411764706,6636.270588235295,2631.5470588235294,8964.411764705883,2.2941176470588234,0.0,2139.4,6417.547058823529,13781.723529411764,55.88235294117647,5253.752941176471,5.470588235294118,11585.64705882353,201622.76470588235,0.0,0.0,0.0,0.0,0.0,0.0,0.0,0.0,0.0
남구 감만1동,1577535.5764705883,15420.241176470587,6553.058823529412,0.0,0.0,491085.6058823529,0.0,490156.81764705887,39964.00588235294,98770.58823529411,4948.105882352941,4206.488235294118,5050.176470588235,160284.54705882352,1999.229411764706,6636.270588235295,2631.5470588235294,8964.411764705883,2.2941176470588234,0.0,2139.4,6417.547058823529,13781.723529411764,55.88235294117647,5253.752941176471,5.470588235294118,11585.64705882353,201622.76470588235,0.0,0.0,0.0,0.0,0.0,0.0,0.0,0.0,0.0
남구 감만2동,1577535.5764705883,15420.241176470587,6553.058823529412,0.0,0.0,491085.6058823529,0.0,490156.81764705887,39964.00588235294,98770.58823529411,4948.105882352941,4206.488235294118,5050.176470588235,160284.54705882352,1999.229411764706,6636.270588235295,2631.5470588235294,8964.411764705883,2.2941176470588234,0.0,2139.4,6417.547058823529,13781.723529411764,55.88235294117647,5253.752941176471,5.470588235294118,11585.64705882353,201622.76470588235,0.0,0.0,0.0,0.0,0.0,0.0,0.0,0.0,0.0
남구 우암동,1577535.5764705883,15420.241176470587,6553.058823529412,0.0,0.0,491085.6058823529,0.0,490156.81764705887,39964.00588235294,98770.58823529411,4948.105882352941,4206.488235294118,5050.176470588235,160284.54705882352,1999.229411764706,6636.270588235295,2631.5470588235294,8964.411764705883,2.2941176470588234,0.0,2139.4,6417.547058823529,13781.723529411764,55.88235294117647,5253.752941176471,5.470588235294118,11585.64705882353,201622.76470588235,0.0,0.0,0.0,0.0,0.0,0.0,0.0,0.0,0.0
남구 문현1동,1577535.5764705883,15420.241176470587,6553.058823529412,0.0,0.0,491085.6058823529,0.0,490156.81764705887,39964.00588235294,98770.58823529411,4948.105882352941,4206.488235294118,5050.176470588235,160284.54705882352,1999.229411764706,6636.270588235295,2631.5470588235294,8964.411764705883,2.2941176470588234,0.0,2139.4,6417.547058823529,13781.723529411764,55.88235294117647,5253.752941176471,5.470588235294118,11585.64705882353,201622.76470588235,0.0,0.0,0.0,0.0,0.0,0.0,0.0,0.0,0.0
남구 문현2동,1577535.5764705883,15420.241176470587,6553.058823529412,0.0,0.0,491085.6058823529,0.0,490156.81764705887,39964.00588235294,98770.58823529411,4948.105882352941,4206.488235294118,5050.176470588235,160284.54705882352,1999.229411764706,6636.270588235295,2631.5470588235294,8964.411764705883,2.2941176470588234,0.0,2139.4,6417.547058823529,13781.723529411764,55.88235294117647,5253.752941176471,5.470588235294118,11585.64705882353,201622.76470588235,0.0,0.0,0.0,0.0,0.0,0.0,0.0,0.0,0.0
남구 문현3동,1577535.5764705883,15420.241176470587,6553.058823529412,0.0,0.0,491085.6058823529,0.0,490156.81764705887,39964.00588235294,98770.58823529411,4948.105882352941,4206.488235294118,5050.176470588235,160284.54705882352,1999.229411764706,6636.270588235295,2631.5470588235294,8964.411764705883,2.2941176470588234,0.0,2139.4,6417.547058823529,13781.723529411764,55.88235294117647,5253.752941176471,5.470588235294118,11585.64705882353,201622.76470588235,0.0,0.0,0.0,0.0,0.0,0.0,0.0,0.0,0.0
남구 문현4동,1577535.5764705883,15420.241176470587,6553.058823529412,0.0,0.0,491085.6058823529,0.0,490156.81764705887,39964.00588235294,98770.58823529411,4948.105882352941,4206.488235294118,5050.176470588235,160284.54705882352,1999.229411764706,6636.270588235295,2631.5470588235294,8964.411764705883,2.2941176470588234,0.0,2139.4,6417.547058823529,13781.723529411764,55.88235294117647,5253.752941176471,5.470588235294118,11585.64705882353,201622.76470588235,0.0,0.0,0.0,0.0,0.0,0.0,0.0,0.0,0.0
동구 초량1동,822102.9500000001,4264.275000000001,1572.5,0.0,0.0,227849.66666666666,0.0,301412.73333333334,731.9916666666667,17439.2,2586.1916666666666,1065.0,1392.1000000000001,123543.625,47095.88333333333,4514.583333333333,337.15000000000003,11025.858333333332,0.0,0.0,4237.283333333334,1342.4333333333334,0.0,0.0,4192.583333333333,43.0,1542.8333333333333,65914.05833333333,0.0,0.0,0.0,0.0,0.0,0.0,0.0,0.0,0.0
동구 초량2동,822102.9500000001,4264.275000000001,1572.5,0.0,0.0,227849.66666666666,0.0,301412.73333333334,731.9916666666667,17439.2,2586.1916666666666,1065.0,1392.1000000000001,123543.625,47095.88333333333,4514.583333333333,337.15000000000003,11025.858333333332,0.0,0.0,4237.283333333334,1342.4333333333334,0.0,0.0,4192.583333333333,43.0,1542.8333333333333,65914.05833333333,0.0,0.0,0.0,0.0,0.0,0.0,0.0,0.0,0.0
동구 초량3동,822102.9500000001,4264.275000000001,1572.5,0.0,0.0,227849.66666666666,0.0,301412.73333333334,731.9916666666667,17439.2,2586.1916666666666,1065.0,1392.1000000000001,123543.625,47095.88333333333,4514.583333333333,337.15000000000003,11025.858333333332,0.0,0.0,4237.283333333334,1342.4333333333334,0.0,0.0,4192.583333333333,43.0,1542.8333333333333,65914.05833333333,0.0,0.0,0.0,0.0,0.0,0.0,0.0,0.0,0.0
동구 초량6동,822102.9500000001,4264.275000000001,1572.5,0.0,0.0,227849.66666666666,0.0,301412.73333333334,731.9916666666667,17439.2,2586.1916666666666,1065.0,1392.1000000000001,123543.625,47095.88333333333,4514.583333333333,337.15000000000003,11025.858333333332,0.0,0.0,4237.283333333334,1342.4333333333334,0.0,0.0,4192.583333333333,43.0,1542.8333333333333,65914.05833333333,0.0,0.0,0.0,0.0,0.0,0.0,0.0,0.0,0.0
동구 수정1동,822102.9500000001,4264.275000000001,1572.5,0.0,0.0,227849.66666666666,0.0,301412.73333333334,731.9916666666667,17439.2,2586.1916666666666,1065.0,1392.1000000000001,123543.625,47095.88333333333,4514.583333333333,337.15000000000003,11025.858333333332,0.0,0.0,4237.283333333334,1342.4333333333334,0.0,0.0,4192.583333333333,43.0,1542.8333333333333,65914.05833333333,0.0,0.0,0.0,0.0,0.0,0.0,0.0,0.0,0.0
동구 수정2동,822102.9500000001,4264.275000000001,1572.5,0.0,0.0,227849.66666666666,0.0,301412.73333333334,731.9916666666667,17439.2,2586.1916666666666,1065.0,1392.1000000000001,123543.625,47095.88333333333,4514.583333333333,337.15000000000003,11025.858333333332,0.0,0.0,4237.283333333334,1342.4333333333334,0.0,0.0,4192.583333333333,43.0,1542.8333333333333,65914.05833333333,0.0,0.0,0.0,0.0,0.0,0.0,0.0,0.0,0.0
동구 수정4동,822102.9500000001,4264.275000000001,1572.5,0.0,0.0,227849.66666666666,0.0,301412.73333333334,731.9916666666667,17439.2,2586.1916666666666,1065.0,1392.1000000000001,123543.625,47095.88333333333,4514.583333333333,337.15000000000003,11025.858333333332,0.0,0.0,4237.283333333334,1342.4333333333334,0.0,0.0,4192.583333333333,43.0,1542.8333333333333,65914.05833333333,0.0,0.0,0.0,0.0,0.0,0.0,0.0,0.0,0.0
동구 수정5동,822102.9500000001,4264.275000000001,1572.5,0.0,0.0,227849.66666666666,0.0,301412.73333333334,731.9916666666667,17439.2,2586.1916666666666,1065.0,1392.1000000000001,123543.625,47095.88333333333,4514.583333333333,337.15000000000003,11025.858333333332,0.0,0.0,4237.283333333334,1342.4333333333334,0.0,0.0,4192.583333333333,43.0,1542.8333333333333,65914.05833333333,0.0,0.0,0.0,0.0,0.0,0.0,0.0,0.0,0.0
동구 좌천동,822102.9500000001,4264.275000000001,1572.5,0.0,0.0,227849.66666666666,0.0,301412.73333333334,731.9916666666667,17439.2,2586.1916666666666,1065.0,1392.1000000000001,123543.625,47095.88333333333,4514.583333333333,337.15000000000003,11025.858333333332,0.0,0.0,4237.283333333334,1342.4333333333334,0.0,0.0,4192.583333333333,43.0,1542.8333333333333,65914.05833333333,0.0,0.0,0.0,0.0,0.0,0.0,0.0,0.0,0.0
동구 범일1동,822102.9500000001,4264.275000000001,1572.5,0.0,0.0,227849.66666666666,0.0,301412.73333333334,731.9916666666667,17439.2,2586.1916666666666,1065.0,1392.1000000000001,123543.625,47095.88333333333,4514.583333333333,337.15000000000003,11025.858333333332,0.0,0.0,4237.283333333334,1342.4333333333334,0.0,0.0,4192.583333333333,43.0,1542.8333333333333,65914.05833333333,0.0,0.0,0.0,0.0,0.0,0.0,0.0,0.0,0.0
동구 범일2동,822102.9500000001,4264.275000000001,1572.5,0.0,0.0,227849.66666666666,0.0,301412.73333333334,731.9916666666667,17439.2,2586.1916666666666,1065.0,1392.1000000000001,123543.625,47095.88333333333,4514.583333333333,337.15000000000003,11025.858333333332,0.0,0.0,4237.283333333334,1342.4333333333334,0.0,0.0,4192.583333333333,43.0,1542.8333333333333,65914.05833333333,0.0,0.0,0.0,0.0,0.0,0.0,0.0,0.0,0.0
동구 범일5동,822102.9500000001,4264.275000000001,1572.5,0.0,0.0,227849.66666666666,0.0,301412.73333333334,731.9916666666667,17439.2,2586.1916666666666,1065.0,1392.1000000000001,123543.625,47095.88333333333,4514.583333333333,337.15000000000003,11025.858333333332,0.0,0.0,4237.283333333334,1342.4333333333334,0.0,0.0,4192.583333333333,43.0,1542.8333333333333,65914.05833333333,0.0,0.0,0.0,0.0,0.0,0.0,0.0,0.0,0.0
동래구 수민동,1210335.0,2002.3,2153.0,0.0,0.0,0.0,0.0,740354.7,2772.0,32419.7,1527.2,1589.0,2192.5,213310.8,60522.0,93475.0,0.0,20235.8,0.0,0.0,844.0,9915.7,0.0,0.0,8338.9,3994.0,122.0,14566.4,0.0,0.0,0.0,0.0,0.0,0.0,0.0,0.0,0.0
동래구 복산동,775066.9,33610.0,766.0,0.0,0.0,121516.0,0.0,372421.1,0.0,50192.0,1347.0,0.0,0.0,93529.2,0.0,0.0,0.0,14140.0,0.0,0.0,0.0,175.6,0.0,0.0,13796.0,71813.0,0.0,1761.0,0.0,0.0,0.0,0.0,0.0,0.0,0.0,0.0,0.0
동래구 명륜동,1347066.7,33218.0,2848.0,0.0,0.0,257016.0,0.0,674815.5,0.0,86478.1,9085.0,485.0,0.0,175726.9,0.0,27582.0,2894.0,14881.0,0.0,0.0,0.0,23497.2,0.0,0.0,11107.0,5535.0,792.0,21106.0,0.0,0.0,0.0,0.0,0.0,0.0,0.0,0.0,0.0
동래구 온천1동,2076930.7666666666,18933.0,26204.13333333333,0.0,0.0,875293.0,0.0,712305.0333333333,0.0,52532.43333333333,4145.366666666667,3147.0333333333333,558.5666666666667,250169.46666666667,39.333333333333336,58687.666666666664,3232.0,34320.36666666667,68.0,0.0,111.0,6665.966666666667,0.0,10450.666666666666,13975.566666666666,127.66666666666667,2136.3333333333335,3759.5,68.66666666666667,0.0,0.0,0.0,0.0,0.0,0.0,0.0,0.0
동래구 온천2동,2076930.7666666666,18933.0,26204.13333333333,0.0,0.0,875293.0,0.0,712305.0333333333,0.0,52532.43333333333,4145.366666666667,3147.0333333333333,558.5666666666667,250169.46666666667,39.333333333333336,58687.666666666664,3232.0,34320.36666666667,68.0,0.0,111.0,6665.966666666667,0.0,10450.666666666666,13975.566666666666,127.66666666666667,2136.3333333333335,3759.5,68.66666666666667,0.0,0.0,0.0,0.0,0.0,0.0,0.0,0.0
동래구 온천3동,2076930.7666666666,18933.0,26204.13333333333,0.0,0.0,875293.0,0.0,712305.0333333333,0.0,52532.43333333333,4145.366666666667,3147.0333333333333,558.5666666666667,250169.46666666667,39.333333333333336,58687.666666666664,3232.0,34320.36666666667,68.0,0.0,111.0,6665.966666666667,0.0,10450.666666666666,13975.566666666666,127.66666666666667,2136.3333333333335,3759.5,68.66666666666667,0.0,0.0,0.0,0.0,0.0,0.0,0.0,0.0
동래구 사직1동,994320.6333333333,3479.0,1952.4666666666665,0.0,0.0,302885.13333333336,0.0,408109.89999999997,1991.6333333333332,45368.4,660.3000000000001,1066.0,2783.866666666667,127628.66666666667,0.0,5768.333333333333,0.0,8407.0,0.0,0.0,0.0,5421.266666666666,64823.0,0.0,5260.333333333333,0.0,263.6666666666667,8451.666666666666,0.0,0.0,0.0,0.0,0.0,0.0,0.0,0.0,0.0
동래구 사직2동,994320.6333333333,3479.0,1952.4666666666665,0.0,0.0,302885.13333333336,0.0,408109.89999999997,1991.6333333333332,45368.4,660.3000000000001,1066.0,2783.866666666667,127628.66666666667,0.0,5768.333333333333,0.0,8407.0,0.0,0.0,0.0,5421.266666666666,64823.0,0.0,5260.333333333333,0.0,263.6666666666667,8451.666666666666,0.0,0.0,0.0,0.0,0.0,0.0,0.0,0.0,0.0
동래구 사직3동,994320.6333333333,3479.0,1952.4666666666665,0.0,0.0,302885.13333333336,0.0,408109.89999999997,1991.6333333333332,45368.4,660.3000000000001,1066.0,2783.866666666667,127628.66666666667,0.0,5768.333333333333,0.0,8407.0,0.0,0.0,0.0,5421.266666666666,64823.0,0.0,5260.333333333333,0.0,263.6666666666667,8451.666666666666,0.0,0.0,0.0,0.0,0.0,0.0,0.0,0.0,0.0
동래구 안락1동,1152369.55,17658.5,3025.5,0.0,0.0,5830.0,0.0,626435.85,1499.5,23797.05,307.55,2349.5,851.2,256910.35,15817.45,115379.8,924.0,9058.25,0.0,0.0,1089.0,3720.65,0.0,0.0,13416.1,43986.05,19.5,10293.75,0.0,0.0,0.0,0.0,0.0,0.0,0.0,0.0,0.0
동래구 안락2동,1152369.55,17658.5,3025.5,0.0,0.0,5830.0,0.0,626435.85,1499.5,23797.05,307.55,2349.5,851.2,256910.35,15817.45,115379.8,924.0,9058.25,0.0,0.0,1089.0,3720.65,0.0,0.0,13416.1,43986.05,19.5,10293.75,0.0,0.0,0.0,0.0,0.0,0.0,0.0,0.0,0.0
동래구 명장1동,890405.9,3723.5,5584.5,0.0,0.0,210062.0,0.0,389477.35,0.0,82985.55,2678.0,1112.5,901.6,116733.7,0.0,0.0,0.0,12311.5,0.0,0.0,47561.5,3624.5,0.0,0.0,1288.7,3555.5,8332.0,473.5,0.0,0.0,0.0,0.0,0.0,0.0,0.0,0.0,0.0
동래구 명장2동,890405.9,3723.5,5584.5,0.0,0.0,210062.0,0.0,389477.35,0.0,82985.55,2678.0,1112.5,901.6,116733.7,0.0,0.0,0.0,12311.5,0.0,0.0,47561.5,3624.5,0.0,0.0,1288.7,3555.5,8332.0,473.5,0.0,0.0,0.0,0.0,0.0,0.0,0.0,0.0,0.0
부산진구 부전1동,1483311.8800000001,4161.030000000001,11087.85,0.0,0.0,481387.93,0.0,460294.49000000005,194.24,57887.705,2313.3900000000003,846.725,701.265,156458.69,53572.33,13560.329999999998,0.0,16781.69,47.8,0.0,2818.15,196828.595,873.9,318.08000000000004,7217.685,0.0,3207.85,12752.005000000001,0.15,0.0,0.0,0.0,0.0,0.0,0.0,0.0,0.0
부산진구 부전2동,1483311.8800000001,4161.030000000001,11087.85,0.0,0.0,481387.93,0.0,460294.49000000005,194.24,57887.705,2313.3900000000003,846.725,701.265,156458.69,53572.33,13560.329999999998,0.0,16781.69,47.8,0.0,2818.15,196828.595,873.9,318.08000000000004,7217.685,0.0,3207.85,12752.005000000001,0.15,0.0,0.0,0.0,0.0,0.0,0.0,0.0,0.0
부산진구 연지동,1483311.8800000001,4161.030000000001,11087.85,0.0,0.0,481387.93,0.0,460294.49000000005,194.24,57887.705,2313.3900000000003,846.725,701.265,156458.69,53572.33,13560.329999999998,0.0,16781.69,47.8,0.0,2818.15,196828.595,873.9,318.08000000000004,7217.685,0.0,3207.85,12752.005000000001,0.15,0.0,0.0,0.0,0.0,0.0,0.0,0.0,0.0
부산진구 초읍동,1483311.8800000001,4161.030000000001,11087.85,0.0,0.0,481387.93,0.0,460294.49000000005,194.24,57887.705,2313.3900000000003,846.725,701.265,156458.69,53572.33,13560.329999999998,0.0,16781.69,47.8,0.0,2818.15,196828.595,873.9,318.08000000000004,7217.685,0.0,3207.85,12752.005000000001,0.15,0.0,0.0,0.0,0.0,0.0,0.0,0.0,0.0
부산진구 양정1동,1483311.8800000001,4161.030000000001,11087.85,0.0,0.0,481387.93,0.0,460294.49000000005,194.24,57887.705,2313.3900000000003,846.725,701.265,156458.69,53572.33,13560.329999999998,0.0,16781.69,47.8,0.0,2818.15,196828.595,873.9,318.08000000000004,7217.685,0.0,3207.85,12752.005000000001,0.15,0.0,0.0,0.0,0.0,0.0,0.0,0.0,0.0
부산진구 양정2동,1483311.8800000001,4161.030000000001,11087.85,0.0,0.0,481387.93,0.0,460294.49000000005,194.24,57887.705,2313.3900000000003,846.725,701.265,156458.69,53572.33,13560.329999999998,0.0,16781.69,47.8,0.0,2818.15,196828.595,873.9,318.08000000000004,7217.685,0.0,3207.85,12752.005000000001,0.15,0.0,0.0,0.0,0.0,0.0,0.0,0.0,0.0
부산진구 전포1동,1483311.8800000001,4161.030000000001,11087.85,0.0,0.0,481387.93,0.0,460294.49000000005,194.24,57887.705,2313.3900000000003,846.725,701.265,156458.69,53572.33,13560.329999999998,0.0,16781.69,47.8,0.0,2818.15,196828.595,873.9,318.08000000000004,7217.685,0.0,3207.85,12752.005000000001,0.15,0.0,0.0,0.0,0.0,0.0,0.0,0.0,0.0
부산진구 전포2동,1483311.8800000001,4161.030000000001,11087.85,0.0,0.0,481387.93,0.0,460294.49000000005,194.24,57887.705,2313.3900000000003,846.725,701.265,156458.69,53572.33,13560.329999999998,0.0,16781.69,47.8,0.0,2818.15,196828.595,873.9,318.08000000000004,7217.685,0.0,3207.85,12752.005000000001,0.15,0.0,0.0,0.0,0.0,0.0,0.0,0.0,0.0
부산진구 부암1동,1483311.8800000001,4161.030000000001,11087.85,0.0,0.0,481387.93,0.0,460294.49000000005,194.24,57887.705,2313.3900000000003,846.725,701.265,156458.69,53572.33,13560.329999999998,0.0,16781.69,47.8,0.0,2818.15,196828.595,873.9,318.08000000000004,7217.685,0.0,3207.85,12752.005000000001,0.15,0.0,0.0,0.0,0.0,0.0,0.0,0.0,0.0
부산진구 부암3동,1483311.8800000001,4161.030000000001,11087.85,0.0,0.0,481387.93,0.0,460294.49000000005,194.24,57887.705,2313.3900000000003,846.725,701.265,156458.69,53572.33,13560.329999999998,0.0,16781.69,47.8,0.0,2818.15,196828.595,873.9,318.08000000000004,7217.685,0.0,3207.85,12752.005000000001,0.15,0.0,0.0,0.0,0.0,0.0,0.0,0.0,0.0
부산진구 당감1동,1483311.8800000001,4161.030000000001,11087.85,0.0,0.0,481387.93,0.0,460294.49000000005,194.24,57887.705,2313.3900000000003,846.725,701.265,156458.69,53572.33,13560.329999999998,0.0,16781.69,47.8,0.0,2818.15,196828.595,873.9,318.08000000000004,7217.685,0.0,3207.85,12752.005000000001,0.15,0.0,0.0,0.0,0.0,0.0,0.0,0.0,0.0
부산진구 당감2동,1483311.8800000001,4161.030000000001,11087.85,0.0,0.0,481387.93,0.0,460294.49000000005,194.24,57887.705,2313.3900000000003,846.725,701.265,156458.69,53572.33,13560.329999999998,0.0,16781.69,47.8,0.0,2818.15,196828.595,873.9,318.08000000000004,7217.685,0.0,3207.85,12752.005000000001,0.15,0.0,0.0,0.0,0.0,0.0,0.0,0.0,0.0
부산진구 당감4동,1483311.8800000001,4161.030000000001,11087.85,0.0,0.0,481387.93,0.0,460294.49000000005,194.24,57887.705,2313.3900000000003,846.725,701.265,156458.69,53572.33,13560.329999999998,0.0,16781.69,47.8,0.0,2818.15,196828.595,873.9,318.08000000000004,7217.685,0.0,3207.85,12752.005000000001,0.15,0.0,0.0,0.0,0.0,0.0,0.0,0.0,0.0
부산진구 가야1동,1483311.8800000001,4161.030000000001,11087.85,0.0,0.0,481387.93,0.0,460294.49000000005,194.24,57887.705,2313.3900000000003,846.725,701.265,156458.69,53572.33,13560.329999999998,0.0,16781.69,47.8,0.0,2818.15,196828.595,873.9,318.08000000000004,7217.685,0.0,3207.85,12752.005000000001,0.15,0.0,0.0,0.0,0.0,0.0,0.0,0.0,0.0
부산진구 가야2동,1483311.8800000001,4161.030000000001,11087.85,0.0,0.0,481387.93,0.0,460294.49000000005,194.24,57887.705,2313.3900000000003,846.725,701.265,156458.69,53572.33,13560.329999999998,0.0,16781.69,47.8,0.0,2818.15,196828.595,873.9,318.08000000000004,7217.685,0.0,3207.85,12752.005000000001,0.15,0.0,0.0,0.0,0.0,0.0,0.0,0.0,0.0
부산진구 개금1동,1483311.8800000001,4161.030000000001,11087.85,0.0,0.0,481387.93,0.0,460294.49000000005,194.24,57887.705,2313.3900000000003,846.725,701.265,156458.69,53572.33,13560.329999999998,0.0,16781.69,47.8,0.0,2818.15,196828.595,873.9,318.08000000000004,7217.685,0.0,3207.85,12752.005000000001,0.15,0.0,0.0,0.0,0.0,0.0,0.0,0.0,0.0
부산진구 개금2동,1483311.8800000001,4161.030000000001,11087.85,0.0,0.0,481387.93,0.0,460294.49000000005,194.24,57887.705,2313.3900000000003,846.725,701.265,156458.69,53572.33,13560.329999999998,0.0,16781.69,47.8,0.0,2818.15,196828.595,873.9,318.08000000000004,7217.685,0.0,3207.85,12752.005000000001,0.15,0.0,0.0,0.0,0.0,0.0,0.0,0.0,0.0
부산진구 개금3동,1483311.8800000001,4161.030000000001,11087.85,0.0,0.0,481387.93,0.0,460294.49000000005,194.24,57887.705,2313.3900000000003,846.725,701.265,156458.69,53572.33,13560.329999999998,0.0,16781.69,47.8,0.0,2818.15,196828.595,873.9,318.08000000000004,7217.685,0.0,3207.85,12752.005000000001,0.15,0.0,0.0,0.0,0.0,0.0,0.0,0.0,0.0
부산진구 범천1동,1483311.8800000001,4161.030000000001,11087.85,0.0,0.0,481387.93,0.0,460294.49000000005,194.24,57887.705,2313.3900000000003,846.725,701.265,156458.69,53572.33,13560.329999999998,0.0,16781.69,47.8,0.0,2818.15,196828.595,873.9,318.08000000000004,7217.685,0.0,3207.85,12752.005000000001,0.15,0.0,0.0,0.0,0.0,0.0,0.0,0.0,0.0
부산진구 범천2동,1483311.8800000001,4161.030000000001,11087.85,0.0,0.0,481387.93,0.0,460294.49000000005,194.24,57887.705,2313.3900000000003,846.725,701.265,156458.69,53572.33,13560.329999999998,0.0,16781.69,47.8,0.0,2818.15,196828.595,873.9,318.08000000000004,7217.685,0.0,3207.85,12752.005000000001,0.15,0.0,0.0,0.0,0.0,0.0,0.0,0.0,0.0
북구 구포1동,1841802.8333333333,6017.400000000001,10433.5,0.0,0.0,831961.3333333334,0.0,495384.60000000003,1067.2,120678.0,3001.4,1903.9666666666665,422.0,185214.80000000002,32821.0,87987.33333333333,12426.666666666666,25064.3,154.33333333333334,0.0,723.4333333333334,8438.199999999999,0.0,0.0,7699.099999999999,428.8,917.0,9058.466666666667,0.0,0.0,0.0,0.0,0.0,0.0,0.0,0.0,0.0
북구 구포2동,1841802.8333333333,6017.400000000001,10433.5,0.0,0.0,831961.3333333334,0.0,495384.60000000003,1067.2,120678.0,3001.4,1903.9666666666665,422.0,185214.80000000002,32821.0,87987.33333333333,12426.666666666666,25064.3,154.33333333333334,0.0,723.4333333333334,8438.199999999999,0.0,0.0,7699.099999999999,428.8,917.0,9058.466666666667,0.0,0.0,0.0,0.0,0.0,0.0,0.0,0.0,0.0
북구 구포3동,1841802.8333333333,6017.400000000001,10433.5,0.0,0.0,831961.3333333334,0.0,495384.60000000003,1067.2,120678.0,3001.4,1903.9666666666665,422.0,185214.80000000002,32821.0,87987.33333333333,12426.666666666666,25064.3,154.33333333333334,0.0,723.4333333333334,8438.199999999999,0.0,0.0,7699.099999999999,428.8,917.0,9058.466666666667,0.0,0.0,0.0,0.0,0.0,0.0,0.0,0.0,0.0
북구 금곡동,8122869.8,19157.0,92476.0,0.0,0.0,5008757.0,0.0,993055.6,2000.1,88953.6,5296.2,10436.0,121.0,311078.0,123695.1,1219609.0,12590.0,63645.1,291.0,0.0,28804.9,80243.6,7423.3,0.0,18563.4,0.0,7648.0,29025.9,0.0,0.0,0.0,0.0,0.0,0.0,0.0,0.0,0.0
북구 화명1동,4080640.3666666667,30091.333333333332,121140.33333333333,874.0,0.0,2352953.3333333335,0.0,514189.3,800.3333333333334,67048.33333333333,4633.2,422.3333333333333,181.0,175269.7333333333,41272.53333333333,543726.2333333333,6654.0,33810.166666666664,1194.6666666666667,0.0,59105.06666666667,61397.299999999996,0.0,0.0,4704.900000000001,0.0,5290.333333333333,55881.93333333333,0.0,0.0,0.0,0.0,0.0,0.0,0.0,0.0,0.0
북구 화명2동,4080640.3666666667,30091.333333333332,121140.33333333333,874.0,0.0,2352953.3333333335,0.0,514189.3,800.3333333333334,67048.33333333333,4633.2,422.3333333333333,181.0,175269.7333333333,41272.53333333333,543726.2333333333,6654.0,33810.166666666664,1194.6666666666667,0.0,59105.06666666667,61397.299999999996,0.0,0.0,4704.900000000001,0.0,5290.333333333333,55881.93333333333,0.0,0.0,0.0,0.0,0.0,0.0,0.0,0.0,0.0
북구 화명3동,4080640.3666666667,30091.333333333332,121140.33333333333,874.0,0.0,2352953.3333333335,0.0,514189.3,800.3333333333334,67048.33333333333,4633.2,422.3333333333333,181.0,175269.7333333333,41272.53333333333,543726.2333333333,6654.0,33810.166666666664,1194.6666666666667,0.0,59105.06666666667,61397.299999999996,0.0,0.0,4704.900000000001,0.0,5290.333333333333,55881.93333333333,0.0,0.0,0.0,0.0,0.0,0.0,0.0,0.0,0.0
북구 덕천1동,1568304.5666666667,8719.333333333334,3172.0,0.0,0.0,387026.3333333333,0.0,356134.8333333333,518.0,31514.899999999998,2490.2000000000003,2728.9666666666667,266.90000000000003,158037.23333333334,8289.866666666667,517308.56666666665,0.0,16552.433333333334,0.0,0.0,2314.766666666667,21369.766666666666,0.0,0.0,6800.833333333333,0.0,43359.0,1700.6333333333332,0.0,0.0,0.0,0.0,0.0,0.0,0.0,0.0,0.0
북구 덕천2동,1568304.5666666667,8719.333333333334,3172.0,0.0,0.0,387026.3333333333,0.0,356134.8333333333,518.0,31514.899999999998,2490.2000000000003,2728.9666666666667,266.90000000000003,158037.23333333334,8289.866666666667,517308.56666666665,0.0,16552.433333333334,0.0,0.0,2314.766666666667,21369.766666666666,0.0,0.0,6800.833333333333,0.0,43359.0,1700.6333333333332,0.0,0.0,0.0,0.0,0.0,0.0,0.0,0.0,0.0
북구 덕천3동,1568304.5666666667,8719.333333333334,3172.0,0.0,0.0,387026.3333333333,0.0,356134.8333333333,518.0,31514.899999999998,2490.2000000000003,2728.9666666666667,266.90000000000003,158037.23333333334,8289.866666666667,517308.56666666665,0.0,16552.433333333334,0.0,0.0,2314.766666666667,21369.766666666666,0.0,0.0,6800.833333333333,0.0,43359.0,1700.6333333333332,0.0,0.0,0.0,0.0,0.0,0.0,0.0,0.0,0.0
북구 만덕1동,2924992.466666667,16771.0,53746.46666666667,0.0,0.0,2060084.0,0.0,441959.9666666666,4.333333333333333,58040.833333333336,1898.3999999999999,2101.0,2784.3333333333335,188255.2666666667,44.0,15677.699999999999,0.0,22991.7,849.0,0.0,3351.7333333333336,44445.833333333336,1114.6666666666667,0.0,4227.466666666666,1195.6666666666667,3134.0,2315.1,0.0,0.0,0.0,0.0,0.0,0.0,0.0,0.0,0.0
북구 만덕2동,2924992.466666667,16771.0,53746.46666666667,0.0,0.0,2060084.0,0.0,441959.9666666666,4.333333333333333,58040.833333333336,1898.3999999999999,2101.0,2784.3333333333335,188255.2666666667,44.0,15677.699999999999,0.0,22991.7,849.0,0.0,3351.7333333333336,44445.833333333336,1114.6666666666667,0.0,4227.466666666666,1195.6666666666667,3134.0,2315.1,0.0,0.0,0.0,0.0,0.0,0.0,0.0,0.0,0.0
북구 만덕3동,2924992.466666667,16771.0,53746.46666666667,0.0,0.0,2060084.0,0.0,441959.9666666666,4.333333333333333,58040.833333333336,1898.3999999999999,2101.0,2784.3333333333335,188255.2666666667,44.0,15677.699999999999,0.0,22991.7,849.0,0.0,3351.7333333333336,44445.833333333336,1114.6666666666667,0.0,4227.466666666666,1195.6666666666667,3134.0,2315.1,0.0,0.0,0.0,0.0,0.0,0.0,0.0,0.0,0.0
사상구 삼락동,6704355.9,0.0,0.0,0.0,0.0,0.0,0.0,334669.8,0.0,0.0,1372.5,0.0,0.0,256867.3,0.0,5379154.0,168936.0,25611.9,0.0,0.0,0.0,0.0,0.0,0.0,0.0,0.0,0.0,10311.2,0.0,466650.2,28898.7,8596.8,9646.7,0.0,10660.3,0.0,2980.5
사상구 모라1동,2502582.1,4981.0,22666.5,0.0,0.0,1425859.0,0.0,521046.85,0.0,0.0,2358.9,0.0,0.0,228318.95,0.0,13940.3,0.0,37447.55,109.0,0.0,0.0,23761.2,0.0,0.0,0.0,0.0,7975.5,28251.15,0.0,106134.65,42849.8,710.1,1519.6,17371.0,3415.05,0.0,13866.0
사상구 모라3동,2502582.1,4981.0,22666.5,0.0,0.0,1425859.0,0.0,521046.85,0.0,0.0,2358.9,0.0,0.0,228318.95,0.0,13940.3,0.0,37447.55,109.0,0.0,0.0,23761.2,0.0,0.0,0.0,0.0,7975.5,28251.15,0.0,106134.65,42849.8,710.1,1519.6,17371.0,3415.05,0.0,13866.0
사상구 덕포1동,1084814.05,2430.5,19801.5,0.0,0.0,290350.5,0.0,342793.65,0.0,0.0,2043.75,0.0,0.0,144570.4,0.0,4087.0,0.0,19810.15,0.0,0.0,0.0,5686.75,0.0,0.0,0.0,0.0,1611.5,2397.9,0.0,160825.95,51382.1,2296.0,1138.75,21648.5,6652.6,0.0,5286.55
사상구 덕포2동,1084814.05,2430.5,19801.5,0.0,0.0,290350.5,0.0,342793.65,0.0,0.0,2043.75,0.0,0.0,144570.4,0.0,4087.0,0.0,19810.15,0.0,0.0,0.0,5686.75,0.0,0.0,0.0,0.0,1611.5,2397.9,0.0,160825.95,51382.1,2296.0,1138.75,21648.5,6652.6,0.0,5286.55
사상구 괘법동,3448335.6,13339.0,149573.0,0.0,0.0,1816457.0,0.0,750514.1,0.0,0.0,6864.1,0.0,0.0,368648.2,0.0,30380.0,6509.0,15990.4,67156.7,0.0,0.0,1689.9,0.0,0.0,0.0,0.0,2154.0,3625.2,0.0,103588.9,41773.4,2782.4,10869.2,52406.0,0.0,0.0,4015.1
사상구 감전동,3486937.6,15743.0,46228.0,0.0,0.0,219729.0,0.0,827081.4,0.0,0.0,5993.3,0.0,0.0,587093.8,0.0,355831.0,62191.0,77605.3,83435.9,0.0,0.0,2713.6,0.0,0.0,0.0,0.0,3634.0,44552.4,0.0,1031467.5,21495.8,24928.2,46967.4,27027.0,0.0,0.0,3220.0
사상구 주례1동,1583240.6666666667,6101.666666666667,23976.333333333332,0.0,0.0,767665.6666666666,0.0,450520.23333333334,0.0,0.0,2186.9,0.0,0.0,150991.30000000002,0.0,25080.333333333332,0.0,18822.5,0.0,0.0,0.0,3158.5,0.0,0.0,0.0,0.0,3052.866666666667,6159.366666666666,0.0,29793.566666666666,63725.200000000004,3505.866666666667,1525.3999999999999,20933.0,2041.3,0.0,4000.6666666666665
사상구 주례2동,1583240.6666666667,6101.666666666667,23976.333333333332,0.0,0.0,767665.6666666666,0.0,450520.23333333334,0.0,0.0,2186.9,0.0,0.0,150991.30000000002,0.0,25080.333333333332,0.0,18822.5,0.0,0.0,0.0,3158.5,0.0,0.0,0.0,0.0,3052.866666666667,6159.366666666666,0.0,29793.566666666666,63725.200000000004,3505.866666666667,1525.3999999999999,20933.0,2041.3,0.0,4000.6666666666665
사상구 주례3동,1583240.6666666667,6101.666666666667,23976.333333333332,0.0,0.0,767665.6666666666,0.0,450520.23333333334,0.0,0.0,2186.9,0.0,0.0,150991.30000000002,0.0,25080.333333333332,0.0,18822.5,0.0,0.0,0.0,3158.5,0.0,0.0,0.0,0.0,3052.866666666667,6159.366666666666,0.0,29793.566666666666,63725.200000000004,3505.866666666667,1525.3999999999999,20933.0,2041.3,0.0,4000.6666666666665
사상구 학장동,5480546.6,38440.0,34887.9,0.0,0.0,2588918.0,0.0,859745.7,0.0,0.0,2566.0,0.0,0.0,511945.7,0.0,95593.7,0.0,125760.5,0.0,0.0,0.0,5549.8,0.0,0.0,0.0,0.0,5042.0,65805.3,0.0,1025681.6,61243.7,15455.1,30994.6,0.0,2993.0,0.0,9924.0
사상구 엄궁동,5048736.0,20804.0,17867.0,0.0,0.0,1775860.0,0.0,800725.4,0.0,0.0,4799.0,0.0,0.0,331872.7,0.0,1749424.8,16042.0,37458.7,0.0,0.0,0.0,26081.4,0.0,0.0,0.0,0.0,6558.0,8298.3,0.0,142637.1,53690.0,13719.0,12510.5,0.0,12913.5,9889.0,7585.6
사하구 괴정1동,1217430.1,21099.525,2011.25,0.0,0.0,575562.15,0.0,406085.175,744.0,50221.6,3503.275,1665.325,314.25,118375.35,0.0,6671.5,0.0,8256.475,0.0,0.0,4427.75,255.7,0.0,0.0,6143.525,0.0,1996.0,10097.25,0.0,0.0,0.0,0.0,0.0,0.0,0.0,0.0,0.0
사하구 괴정2동,1217430.1,21099.525,2011.25,0.0,0.0,575562.15,0.0,406085.175,744.0,50221.6,3503.275,1665.325,314.25,118375.35,0.0,6671.5,0.0,8256.475,0.0,0.0,4427.75,255.7,0.0,0.0,6143.525,0.0,1996.0,10097.25,0.0,0.0,0.0,0.0,0.0,0.0,0.0,0.0,0.0
사하구 괴정3동,1217430.1,21099.525,2011.25,0.0,0.0,575562.15,0.0,406085.175,744.0,50221.6,3503.275,1665.325,314.25,118375.35,0.0,6671.5,0.0,8256.475,0.0,0.0,4427.75,255.7,0.0,0.0,6143.525,0.0,1996.0,10097.25,0.0,0.0,0.0,0.0,0.0,0.0,0.0,0.0,0.0
사하구 괴정4동,1217430.1,21099.525,2011.25,0.0,0.0,575562.15,0.0,406085.175,744.0,50221.6,3503.275,1665.325,314.25,118375.35,0.0,6671.5,0.0,8256.475,0.0,0.0,4427.75,255.7,0.0,0.0,6143.525,0.0,1996.0,10097.25,0.0,0.0,0.0,0.0,0.0,0.0,0.0,0.0,0.0
사하구 당리동,3873812.4,7314.0,5301.0,0.0,0.0,2812143.0,0.0,701894.1,0.0,85854.4,1960.0,0.0,172.0,183231.4,0.0,13479.0,0.0,31877.0,0.0,0.0,95.0,3942.9,0.0,0.0,19537.6,0.0,69.0,6942.0,0.0,0.0,0.0,0.0,0.0,0.0,0.0,0.0,0.0
사하구 하단1동,4787422.5,585494.5,2055.0,0.0,0.0,585471.05,0.0,584948.05,10550.95,62416.55,5731.7,1416.3,790.85,330666.35,0.0,1671076.4,19153.0,13030.35,0.0,0.0,6444.5,8111.05,5553.5,0.0,5430.6,0.0,6003.5,883078.3,0.0,0.0,0.0,0.0,0.0,0.0,0.0,0.0,0.0
사하구 하단2동,4787422.5,585494.5,2055.0,0.0,0.0,585471.05,0.0,584948.05,10550.95,62416.55,5731.7,1416.3,790.85,330666.35,0.0,1671076.4,19153.0,13030.35,0.0,0.0,6444.5,8111.05,5553.5,0.0,5430.6,0.0,6003.5,883078.3,0.0,0.0,0.0,0.0,0.0,0.0,0.0,0.0,0.0
사하구 신평1동,2148381.05,29116.5,12579.5,0.0,0.0,298946.5,0.0,537935.3,712498.0,31338.1,2638.25,7527.05,20419.25,311408.0,0.0,0.0,4086.65,18283.35,0.0,0.0,9682.9,7134.95,0.0,0.0,8305.5,0.0,5473.5,131007.75,0.0,0.0,0.0,0.0,0.0,0.0,0.0,0.0,0.0
사하구 신평2동,2148381.05,29116.5,12579.5,0.0,0.0,298946.5,0.0,537935.3,712498.0,31338.1,2638.25,7527.05,20419.25,311408.0,0.0,0.0,4086.65,18283.35,0.0,0.0,9682.9,7134.95,0.0,0.0,8305.5,0.0,5473.5,131007.75,0.0,0.0,0.0,0.0,0.0,0.0,0.0,0.0,0.0
사하구 장림1동,2417806.2,54256.5,21219.0,0.0,0.0,843956.5,0.0,439770.5,560681.15,44462.0,12493.6,7242.0,12466.5,230470.7,0.0,0.0,6433.55,38096.1,306.5,0.0,1192.5,469.0,0.0,0.0,3482.9,0.0,6869.0,133938.2,0.0,0.0,0.0,0.0,0.0,0.0,0.0,0.0,0.0
사하구 장림2동,2417806.2,54256.5,21219.0,0.0,0.0,843956.5,0.0,439770.5,560681.15,44462.0,12493.6,7242.0,12466.5,230470.7,0.0,0.0,6433.55,38096.1,306.5,0.0,1192.5,469.0,0.0,0.0,3482.9,0.0,6869.0,133938.2,0.0,0.0,0.0,0.0,0.0,0.0,0.0,0.0,0.0
사하구 다대1동,3889342.9,44864.5,25588.5,0.0,418.0,1351248.5,0.0,781667.15,530853.65,91157.2,1546.6,1611.0,16234.95,365053.6,0.0,0.0,13940.25,13256.15,0.0,0.0,989.15,120538.65,1011.05,0.0,3326.5,63.0,10227.5,515747.0,0.0,0.0,0.0,0.0,0.0,0.0,0.0,0.0,0.0
사하구 다대2동,3889342.9,44864.5,25588.5,0.0,418.0,1351248.5,0.0,781667.15,530853.65,91157.2,1546.6,1611.0,16234.95,365053.6,0.0,0.0,13940.25,13256.15,0.0,0.0,989.15,120538.65,1011.05,0.0,3326.5,63.0,10227.5,515747.0,0.0,0.0,0.0,0.0,0.0,0.0,0.0,0.0,0.0
사하구 구평동,3527856.9,62851.0,14776.0,0.0,0.0,1015132.0,0.0,386435.5,914054.2,44433.6,6271.8,52267.0,162649.4,463935.0,0.0,0.0,22816.1,25098.0,0.0,0.0,0.0,58627.8,0.0,0.0,3186.0,0.0,11651.0,283672.5,0.0,0.0,0.0,0.0,0.0,0.0,0.0,0.0,0.0
사하구 감천1동,1505260.85,58968.25,5785.5,0.0,0.0,517506.8,0.0,423735.6,33019.0,56910.0,4752.0,2789.0,32409.5,153429.5,0.0,185.0,63.0,20348.5,0.0,0.0,2026.0,393.0,0.0,0.0,4334.45,0.0,26179.75,162426.0,0.0,0.0,0.0,0.0,0.0,0.0,0.0,0.0,0.0
사하구 감천2동,1505260.85,58968.25,5785.5,0.0,0.0,517506.8,0.0,423735.6,33019.0,56910.0,4752.0,2789.0,32409.5,153429.5,0.0,185.0,63.0,20348.5,0.0,0.0,2026.0,393.0,0.0,0.0,4334.45,0.0,26179.75,162426.0,0.0,0.0,0.0,0.0,0.0,0.0,0.0,0.0,0.0
서구 동대신1동,707879.8333333334,12830.333333333334,0.0,0.0,0.0,337396.6666666667,0.0,216809.6,0.0,46697.700000000004,1283.0,568.0666666666667,176.66666666666666,77876.93333333333,0.0,3749.0,0.0,6063.2,0.0,0.0,926.0,160.0,0.0,0.0,3302.6666666666665,0.0,0.0,40.0,0.0,0.0,0.0,0.0,0.0,0.0,0.0,0.0,0.0
서구 동대신2동,707879.8333333334,12830.333333333334,0.0,0.0,0.0,337396.6666666667,0.0,216809.6,0.0,46697.700000000004,1283.0,568.0666666666667,176.66666666666666,77876.93333333333,0.0,3749.0,0.0,6063.2,0.0,0.0,926.0,160.0,0.0,0.0,3302.6666666666665,0.0,0.0,40.0,0.0,0.0,0.0,0.0,0.0,0.0,0.0,0.0,0.0
서구 동대신3동,707879.8333333334,12830.333333333334,0.0,0.0,0.0,337396.6666666667,0.0,216809.6,0.0,46697.700000000004,1283.0,568.0666666666667,176.66666666666666,77876.93333333333,0.0,3749.0,0.0,6063.2,0.0,0.0,926.0,160.0,0.0,0.0,3302.6666666666665,0.0,0.0,40.0,0.0,0.0,0.0,0.0,0.0,0.0,0.0,0.0,0.0
서구 서대신1동,1716991.9666666668,64717.0,8884.0,0.0,0.0,1137684.3333333333,0.0,257882.5,304.6666666666667,35229.86666666667,517.3333333333334,74.66666666666667,0.0,102678.06666666667,0.0,223.66666666666666,0.0,18441.666666666668,605.0,0.0,2689.0,1136.6000000000001,25163.666666666668,0.0,18267.666666666668,0.0,37987.0,4505.266666666666,0.0,0.0,0.0,0.0,0.0,0.0,0.0,0.0,0.0
서구 서대신3동,1716991.9666666668,64717.0,8884.0,0.0,0.0,1137684.3333333333,0.0,257882.5,304.6666666666667,35229.86666666667,517.3333333333334,74.66666666666667,0.0,102678.06666666667,0.0,223.66666666666666,0.0,18441.666666666668,605.0,0.0,2689.0,1136.6000000000001,25163.666666666668,0.0,18267.666666666668,0.0,37987.0,4505.266666666666,0.0,0.0,0.0,0.0,0.0,0.0,0.0,0.0,0.0
서구 서대신4동,1716991.9666666668,64717.0,8884.0,0.0,0.0,1137684.3333333333,0.0,257882.5,304.6666666666667,35229.86666666667,517.3333333333334,74.66666666666667,0.0,102678.06666666667,0.0,223.66666666666666,0.0,18441.666666666668,605.0,0.0,2689.0,1136.6000000000001,25163.666666666668,0.0,18267.666666666668,0.0,37987.0,4505.266666666666,0.0,0.0,0.0,0.0,0.0,0.0,0.0,0.0,0.0
서구 부민동,409378.9,35422.4,0.0,0.0,0.0,16911.7,0.0,218266.2,0.0,47497.0,1291.9,0.0,0.0,79720.8,0.0,3689.2000000000003,0.0,572.4,0.0,0.0,0.0,0.0,0.0,0.0,6007.3,0.0,0.0,0.0,0.0,0.0,0.0,0.0,0.0,0.0,0.0,0.0,0.0
서구 아미동,718994.6,20207.9,0.0,0.0,0.0,142651.9,0.0,413906.5,0.0,42731.5,1920.5,0.0,0.0,64604.3,0.0,0.0,0.0,7749.9,0.0,0.0,6266.5,0.0,0.0,0.0,969.2,0.0,17408.9,577.5,0.0,0.0,0.0,0.0,0.0,0.0,0.0,0.0,0.0
서구 초장동,442898.0,55783.8,0.0,0.0,0.0,154592.8,0.0,176773.3,0.0,12687.5,204.5,0.0,0.0,37058.8,0.0,0.0,0.0,1785.2,0.0,0.0,0.0,0.0,0.0,0.0,3922.9,0.0,89.2,0.0,0.0,0.0,0.0,0.0,0.0,0.0,0.0,0.0,0.0
서구 충무동,368665.9,0.0,0.0,0.0,0.0,0.0,0.0,205855.0,0.0,27279.7,934.1999999999999,0.0,3203.0,120212.2,0.0,6771.7,0.0,1396.3,0.0,0.0,0.0,26.4,0.0,0.0,605.0,0.0,0.0,2382.3999999999996,0.0,0.0,0.0,0.0,0.0,0.0,0.0,0.0,0.0
서구 남부민1동,544893.65,7883.0,16.5,0.0,0.0,119977.5,0.0,276463.1,331.05,13377.5,1288.15,1389.0,564.5,83106.35,0.0,0.0,1941.25,4485.7,0.0,0.0,167.5,0.0,0.0,0.0,4487.5,0.0,201.5,29213.55,0.0,0.0,0.0,0.0,0.0,0.0,0.0,0.0,0.0
서구 남부민2동,544893.65,7883.0,16.5,0.0,0.0,119977.5,0.0,276463.1,331.05,13377.5,1288.15,1389.0,564.5,83106.35,0.0,0.0,1941.25,4485.7,0.0,0.0,167.5,0.0,0.0,0.0,4487.5,0.0,201.5,29213.55,0.0,0.0,0.0,0.0,0.0,0.0,0.0,0.0,0.0
서구 암남동,3675272.2,55998.0,17849.0,0.0,0.0,1783688.0,0.0,782318.1,122097.2,66481.0,10245.0,1919.0,77688.0,343717.4,0.0,0.0,17591.8,15141.0,0.0,0.0,1016.0,21435.2,0.0,18335.3,1386.0,0.0,1424.0,336942.2,0.0,0.0,0.0,0.0,0.0,0.0,0.0,0.0,0.0
수영구 남천1동,1021242.9400000001,1742.8,469.2,0.0,0.0,232986.1,0.0,523643.15,2569.96,32131.73,2933.68,1858.6299999999999,818.0,161107.87,0.0,14302.4,2558.4,9238.11,0.0,0.0,236.7,8972.880000000001,210.8,0.0,16343.23,120.0,271.9,8727.4,0.0,0.0,0.0,0.0,0.0,0.0,0.0,0.0,0.0
수영구 남천2동,1021242.9400000001,1742.8,469.2,0.0,0.0,232986.1,0.0,523643.15,2569.96,32131.73,2933.68,1858.6299999999999,818.0,161107.87,0.0,14302.4,2558.4,9238.11,0.0,0.0,236.7,8972.880000000001,210.8,0.0,16343.23,120.0,271.9,8727.4,0.0,0.0,0.0,0.0,0.0,0.0,0.0,0.0,0.0
수영구 수영동,1021242.9400000001,1742.8,469.2,0.0,0.0,232986.1,0.0,523643.15,2569.96,32131.73,2933.68,1858.6299999999999,818.0,161107.87,0.0,14302.4,2558.4,9238.11,0.0,0.0,236.7,8972.880000000001,210.8,0.0,16343.23,120.0,271.9,8727.4,0.0,0.0,0.0,0.0,0.0,0.0,0.0,0.0,0.0
수영구 망미1동,1021242.9400000001,1742.8,469.2,0.0,0.0,232986.1,0.0,523643.15,2569.96,32131.73,2933.68,1858.6299999999999,818.0,161107.87,0.0,14302.4,2558.4,9238.11,0.0,0.0,236.7,8972.880000000001,210.8,0.0,16343.23,120.0,271.9,8727.4,0.0,0.0,0.0,0.0,0.0,0.0,0.0,0.0,0.0
수영구 망미2동,1021242.9400000001,1742.8,469.2,0.0,0.0,232986.1,0.0,523643.15,2569.96,32131.73,2933.68,1858.6299999999999,818.0,161107.87,0.0,14302.4,2558.4,9238.11,0.0,0.0,236.7,8972.880000000001,210.8,0.0,16343.23,120.0,271.9,8727.4,0.0,0.0,0.0,0.0,0.0,0.0,0.0,0.0,0.0
수영구 광안1동,1021242.9400000001,1742.8,469.2,0.0,0.0,232986.1,0.0,523643.15,2569.96,32131.73,2933.68,1858.6299999999999,818.0,161107.87,0.0,14302.4,2558.4,9238.11,0.0,0.0,236.7,8972.880000000001,210.8,0.0,16343.23,120.0,271.9,8727.4,0.0,0.0,0.0,0.0,0.0,0.0,0.0,0.0,0.0
수영구 광안2동,1021242.9400000001,1742.8,469.2,0.0,0.0,232986.1,0.0,523643.15,2569.96,32131.73,2933.68,1858.6299999999999,818.0,161107.87,0.0,14302.4,2558.4,9238.11,0.0,0.0,236.7,8972.880000000001,210.8,0.0,16343.23,120.0,271.9,8727.4,0.0,0.0,0.0,0.0,0.0,0.0,0.0,0.0,0.0
수영구 광안3동,1021242.9400000001,1742.8,469.2,0.0,0.0,232986.1,0.0,523643.15,2569.96,32131.73,2933.68,1858.6299999999999,818.0,161107.87,0.0,14302.4,2558.4,9238.11,0.0,0.0,236.7,8972.880000000001,210.8,0.0,16343.23,120.0,271.9,8727.4,0.0,0.0,0.0,0.0,0.0,0.0,0.0,0.0,0.0
수영구 광안4동,1021242.9400000001,1742.8,469.2,0.0,0.0,232986.1,0.0,523643.15,2569.96,32131.73,2933.68,1858.6299999999999,818.0,161107.87,0.0,14302.4,2558.4,9238.11,0.0,0.0,236.7,8972.880000000001,210.8,0.0,16343.23,120.0,271.9,8727.4,0.0,0.0,0.0,0.0,0.0,0.0,0.0,0.0,0.0
수영구 민락동,1021242.9400000001,1742.8,469.2,0.0,0.0,232986.1,0.0,523643.15,2569.96,32131.73,2933.68,1858.6299999999999,818.0,161107.87,0.0,14302.4,2558.4,9238.11,0.0,0.0,236.7,8972.880000000001,210.8,0.0,16343.23,120.0,271.9,8727.4,0.0,0.0,0.0,0.0,0.0,0.0,0.0,0.0,0.0
연제구 거제1동,1056044.55,2522.475,4254.9,0.0,0.0,198176.25,0.0,460413.3,1030.5,59240.775,8134.0,4804.3,263.775,166029.35,19333.625,8566.5,0.0,17195.325,0.0,0.0,1899.25,3086.275,90676.5,0.0,4868.875,0.0,701.5,4847.075,0.0,0.0,0.0,0.0,0.0,0.0,0.0,0.0,0.0
연제구 거제2동,1056044.55,2522.475,4254.9,0.0,0.0,198176.25,0.0,460413.3,1030.5,59240.775,8134.0,4804.3,263.775,166029.35,19333.625,8566.5,0.0,17195.325,0.0,0.0,1899.25,3086.275,90676.5,0.0,4868.875,0.0,701.5,4847.075,0.0,0.0,0.0,0.0,0.0,0.0,0.0,0.0,0.0
연제구 거제3동,1056044.55,2522.475,4254.9,0.0,0.0,198176.25,0.0,460413.3,1030.5,59240.775,8134.0,4804.3,263.775,166029.35,19333.625,8566.5,0.0,17195.325,0.0,0.0,1899.25,3086.275,90676.5,0.0,4868.875,0.0,701.5,4847.075,0.0,0.0,0.0,0.0,0.0,0.0,0.0,0.0,0.0
연제구 거제4동,1056044.55,2522.475,4254.9,0.0,0.0,198176.25,0.0,460413.3,1030.5,59240.775,8134.0,4804.3,263.775,166029.35,19333.625,8566.5,0.0,17195.325,0.0,0.0,1899.25,3086.275,90676.5,0.0,4868.875,0.0,701.5,4847.075,0.0,0.0,0.0,0.0,0.0,0.0,0.0,0.0,0.0
연제구 연산1동,984340.55,2904.65,1100.8875,0.0,0.0,267248.9625,0.0,471752.9625,1073.3375,41945.6125,3851.5375,2076.75,572.125,137895.025,123.0,10137.0,434.125,9591.3375,70.625,0.0,912.5,6463.9375,953.875,0.0,8060.675,0.0,9829.25,7341.2,1.175,0.0,0.0,0.0,0.0,0.0,0.0,0.0,0.0
연제구 연산2동,984340.55,2904.65,1100.8875,0.0,0.0,267248.9625,0.0,471752.9625,1073.3375,41945.6125,3851.5375,2076.75,572.125,137895.025,123.0,10137.0,434.125,9591.3375,70.625,0.0,912.5,6463.9375,953.875,0.0,8060.675,0.0,9829.25,7341.2,1.175,0.0,0.0,0.0,0.0,0.0,0.0,0.0,0.0
연제구 연산3동,984340.55,2904.65,1100.8875,0.0,0.0,267248.9625,0.0,471752.9625,1073.3375,41945.6125,3851.5375,2076.75,572.125,137895.025,123.0,10137.0,434.125,9591.3375,70.625,0.0,912.5,6463.9375,953.875,0.0,8060.675,0.0,9829.25,7341.2,1.175,0.0,0.0,0.0,0.0,0.0,0.0,0.0,0.0
연제구 연산4동,984340.55,2904.65,1100.8875,0.0,0.0,267248.9625,0.0,471752.9625,1073.3375,41945.6125,3851.5375,2076.75,572.125,137895.025,123.0,10137.0,434.125,9591.3375,70.625,0.0,912.5,6463.9375,953.875,0.0,8060.675,0.0,9829.25,7341.2,1.175,0.0,0.0,0.0,0.0,0.0,0.0,0.0,0.0
연제구 연산5동,984340.55,2904.65,1100.8875,0.0,0.0,267248.9625,0.0,471752.9625,1073.3375,41945.6125,3851.5375,2076.75,572.125,137895.025,123.0,10137.0,434.125,9591.3375,70.625,0.0,912.5,6463.9375,953.875,0.0,8060.675,0.0,9829.25,7341.2,1.175,0.0,0.0,0.0,0.0,0.0,0.0,0.0,0.0
연제구 연산6동,984340.55,2904.65,1100.8875,0.0,0.0,267248.9625,0.0,471752.9625,1073.3375,41945.6125,3851.5375,2076.75,572.125,137895.025,123.0,10137.0,434.125,9591.3375,70.625,0.0,912.5,6463.9375,953.875,0.0,8060.675,0.0,9829.25,7341.2,1.175,0.0,0.0,0.0,0.0,0.0,0.0,0.0,0.0
연제구 연산8동,984340.55,2904.65,1100.8875,0.0,0.0,267248.9625,0.0,471752.9625,1073.3375,41945.6125,3851.5375,2076.75,572.125,137895.025,123.0,10137.0,434.125,9591.3375,70.625,0.0,912.5,6463.9375,953.875,0.0,8060.675,0.0,9829.25,7341.2,1.175,0.0,0.0,0.0,0.0,0.0,0.0,0.0,0.0
연제구 연산9동,984340.55,2904.65,1100.8875,0.0,0.0,267248.9625,0.0,471752.9625,1073.3375,41945.6125,3851.5375,2076.75,572.125,137895.025,123.0,10137.0,434.125,9591.3375,70.625,0.0,912.5,6463.9375,953.875,0.0,8060.675,0.0,9829.25,7341.2,1.175,0.0,0.0,0.0,0.0,0.0,0.0,0.0,0.0
영도구 남항동,1290872.3,31061.29090909091,10674.718181818182,0.0,0.0,354020.8181818182,0.0,374957.60000000003,68672.81818181818,92438.0090909091,6138.9,4903.090909090909,9237.918181818182,123314.66363636364,0.0,0.0,4533.881818181818,13140.509090909092,16.0,0.0,2281.818181818182,9921.027272727273,1170.6181818181817,140251.0,10224.463636363636,784.0909090909091,5122.181818181818,28006.518181818185,0.36363636363636365,0.0,0.0,0.0,0.0,0.0,0.0,0.0,0.0
영도구 영선1동,1290872.3,31061.29090909091,10674.718181818182,0.0,0.0,354020.8181818182,0.0,374957.60000000003,68672.81818181818,92438.0090909091,6138.9,4903.090909090909,9237.918181818182,123314.66363636364,0.0,0.0,4533.881818181818,13140.509090909092,16.0,0.0,2281.818181818182,9921.027272727273,1170.6181818181817,140251.0,10224.463636363636,784.0909090909091,5122.181818181818,28006.518181818185,0.36363636363636365,0.0,0.0,0.0,0.0,0.0,0.0,0.0,0.0
영도구 영선2동,1290872.3,31061.29090909091,10674.718181818182,0.0,0.0,354020.8181818182,0.0,374957.60000000003,68672.81818181818,92438.0090909091,6138.9,4903.090909090909,9237.918181818182,123314.66363636364,0.0,0.0,4533.881818181818,13140.509090909092,16.0,0.0,2281.818181818182,9921.027272727273,1170.6181818181817,140251.0,10224.463636363636,784.0909090909091,5122.181818181818,28006.518181818185,0.36363636363636365,0.0,0.0,0.0,0.0,0.0,0.0,0.0,0.0
영도구 신선동,1290872.3,31061.29090909091,10674.718181818182,0.0,0.0,354020.8181818182,0.0,374957.60000000003,68672.81818181818,92438.0090909091,6138.9,4903.090909090909,9237.918181818182,123314.66363636364,0.0,0.0,4533.881818181818,13140.509090909092,16.0,0.0,2281.818181818182,9921.027272727273,1170.6181818181817,140251.0,10224.463636363636,784.0909090909091,5122.181818181818,28006.518181818185,0.36363636363636365,0.0,0.0,0.0,0.0,0.0,0.0,0.0,0.0
영도구 봉래1동,1290872.3,31061.29090909091,10674.718181818182,0.0,0.0,354020.8181818182,0.0,374957.60000000003,68672.81818181818,92438.0090909091,6138.9,4903.090909090909,9237.918181818182,123314.66363636364,0.0,0.0,4533.881818181818,13140.509090909092,16.0,0.0,2281.818181818182,9921.027272727273,1170.6181818181817,140251.0,10224.463636363636,784.0909090909091,5122.181818181818,28006.518181818185,0.36363636363636365,0.0,0.0,0.0,0.0,0.0,0.0,0.0,0.0
영도구 봉래2동,1290872.3,31061.29090909091,10674.718181818182,0.0,0.0,354020.8181818182,0.0,374957.60000000003,68672.81818181818,92438.0090909091,6138.9,4903.090909090909,9237.918181818182,123314.66363636364,0.0,0.0,4533.881818181818,13140.509090909092,16.0,0.0,2281.818181818182,9921.027272727273,1170.6181818181817,140251.0,10224.463636363636,784.0909090909091,5122.181818181818,28006.518181818185,0.36363636363636365,0.0,0.0,0.0,0.0,0.0,0.0,0.0,0.0
영도구 청학1동,1290872.3,31061.29090909091,10674.718181818182,0.0,0.0,354020.8181818182,0.0,374957.60000000003,68672.81818181818,92438.0090909091,6138.9,4903.090909090909,9237.918181818182,123314.66363636364,0.0,0.0,4533.881818181818,13140.509090909092,16.0,0.0,2281.818181818182,9921.027272727273,1170.6181818181817,140251.0,10224.463636363636,784.0909090909091,5122.181818181818,28006.518181818185,0.36363636363636365,0.0,0.0,0.0,0.0,0.0,0.0,0.0,0.0
영도구 청학2동,1290872.3,31061.29090909091,10674.718181818182,0.0,0.0,354020.8181818182,0.0,374957.60000000003,68672.81818181818,92438.0090909091,6138.9,4903.090909090909,9237.918181818182,123314.66363636364,0.0,0.0,4533.881818181818,13140.509090909092,16.0,0.0,2281.818181818182,9921.027272727273,1170.6181818181817,140251.0,10224.463636363636,784.0909090909091,5122.181818181818,28006.518181818185,0.36363636363636365,0.0,0.0,0.0,0.0,0.0,0.0,0.0,0.0
영도구 동삼1동,1290872.3,31061.29090909091,10674.718181818182,0.0,0.0,354020.8181818182,0.0,374957.60000000003,68672.81818181818,92438.0090909091,6138.9,4903.090909090909,9237.918181818182,123314.66363636364,0.0,0.0,4533.881818181818,13140.509090909092,16.0,0.0,2281.818181818182,9921.027272727273,1170.6181818181817,140251.0,10224.463636363636,784.0909090909091,5122.181818181818,28006.518181818185,0.36363636363636365,0.0,0.0,0.0,0.0,0.0,0.0,0.0,0.0
영도구 동삼2동,1290872.3,31061.29090909091,10674.718181818182,0.0,0.0,354020.8181818182,0.0,374957.60000000003,68672.81818181818,92438.0090909091,6138.9,4903.090909090909,9237.918181818182,123314.66363636364,0.0,0.0,4533.881818181818,13140.509090909092,16.0,0.0,2281.818181818182,9921.027272727273,1170.6181818181817,140251.0,10224.463636363636,784.0909090909091,5122.181818181818,28006.518181818185,0.36363636363636365,0.0,0.0,0.0,0.0,0.0,0.0,0.0,0.0
영도구 동삼3동,1290872.3,31061.29090909091,10674.718181818182,0.0,0.0,354020.8181818182,0.0,374957.60000000003,68672.81818181818,92438.0090909091,6138.9,4903.090909090909,9237.918181818182,123314.66363636364,0.0,0.0,4533.881818181818,13140.509090909092,16.0,0.0,2281.818181818182,9921.027272727273,1170.6181818181817,140251.0,10224.463636363636,784.0909090909091,5122.181818181818,28006.518181818185,0.36363636363636365,0.0,0.0,0.0,0.0,0.0,0.0,0.0,0.0
중구 중앙동,313975.77777777775,245.88888888888889,0.0,0.0,0.0,11767.111111111111,0.0,166089.54444444444,0.0,9341.922222222223,3422.1777777777775,138.02222222222224,265.1666666666667,82965.52222222222,8021.044444444444,1569.322222222222,0.0,1743.4,0.0,0.0,4464.588888888889,18936.455555555556,0.0,0.0,2581.1111111111113,0.0,0.0,2424.5,0.0,0.0,0.0,0.0,0.0,0.0,0.0,0.0,0.0
중구 동광동,313975.77777777775,245.88888888888889,0.0,0.0,0.0,11767.111111111111,0.0,166089.54444444444,0.0,9341.922222222223,3422.1777777777775,138.02222222222224,265.1666666666667,82965.52222222222,8021.044444444444,1569.322222222222,0.0,1743.4,0.0,0.0,4464.588888888889,18936.455555555556,0.0,0.0,2581.1111111111113,0.0,0.0,2424.5,0.0,0.0,0.0,0.0,0.0,0.0,0.0,0.0,0.0
중구 대청동,313975.77777777775,245.88888888888889,0.0,0.0,0.0,11767.111111111111,0.0,166089.54444444444,0.0,9341.922222222223,3422.1777777777775,138.02222222222224,265.1666666666667,82965.52222222222,8021.044444444444,1569.322222222222,0.0,1743.4,0.0,0.0,4464.588888888889,18936.455555555556,0.0,0.0,2581.1111111111113,0.0,0.0,2424.5,0.0,0.0,0.0,0.0,0.0,0.0,0.0,0.0,0.0
중구 보수동,313975.77777777775,245.88888888888889,0.0,0.0,0.0,11767.111111111111,0.0,166089.54444444444,0.0,9341.922222222223,3422.1777777777775,138.02222222222224,265.1666666666667,82965.52222222222,8021.044444444444,1569.322222222222,0.0,1743.4,0.0,0.0,4464.588888888889,18936.455555555556,0.0,0.0,2581.1111111111113,0.0,0.0,2424.5,0.0,0.0,0.0,0.0,0.0,0.0,0.0,0.0,0.0
중구 부평동,313975.77777777775,245.88888888888889,0.0,0.0,0.0,11767.111111111111,0.0,166089.54444444444,0.0,9341.922222222223,3422.1777777777775,138.02222222222224,265.1666666666667,82965.52222222222,8021.044444444444,1569.322222222222,0.0,1743.4,0.0,0.0,4464.588888888889,18936.455555555556,0.0,0.0,2581.1111111111113,0.0,0.0,2424.5,0.0,0.0,0.0,0.0,0.0,0.0,0.0,0.0,0.0
중구 광복동,313975.77777777775,245.88888888888889,0.0,0.0,0.0,11767.111111111111,0.0,166089.54444444444,0.0,9341.922222222223,3422.1777777777775,138.02222222222224,265.1666666666667,82965.52222222222,8021.044444444444,1569.322222222222,0.0,1743.4,0.0,0.0,4464.588888888889,18936.455555555556,0.0,0.0,2581.1111111111113,0.0,0.0,2424.5,0.0,0.0,0.0,0.0,0.0,0.0,0.0,0.0,0.0
중구 남포동,313975.77777777775,245.88888888888889,0.0,0.0,0.0,11767.111111111111,0.0,166089.54444444444,0.0,9341.922222222223,3422.1777777777775,138.02222222222224,265.1666666666667,82965.52222222222,8021.044444444444,1569.322222222222,0.0,1743.4,0.0,0.0,4464.588888888889,18936.455555555556,0.0,0.0,2581.1111111111113,0.0,0.0,2424.5,0.0,0.0,0.0,0.0,0.0,0.0,0.0,0.0,0.0
중구 영주1동,313975.77777777775,245.88888888888889,0.0,0.0,0.0,11767.111111111111,0.0,166089.54444444444,0.0,9341.922222222223,3422.1777777777775,138.02222222222224,265.1666666666667,82965.52222222222,8021.044444444444,1569.322222222222,0.0,1743.4,0.0,0.0,4464.588888888889,18936.455555555556,0.0,0.0,2581.1111111111113,0.0,0.0,2424.5,0.0,0.0,0.0,0.0,0.0,0.0,0.0,0.0,0.0
중구 영주2동,313975.77777777775,245.88888888888889,0.0,0.0,0.0,11767.111111111111,0.0,166089.54444444444,0.0,9341.922222222223,3422.1777777777775,138.02222222222224,265.1666666666667,82965.52222222222,8021.044444444444,1569.322222222222,0.0,1743.4,0.0,0.0,4464.588888888889,18936.455555555556,0.0,0.0,2581.1111111111113,0.0,0.0,2424.5,0.0,0.0,0.0,0.0,0.0,0.0,0.0,0.0,0.0
해운대구 우1동,3667895.5,17375.333333333332,48643.799999999996,3225.3333333333335,0.0,2087470.3333333333,0.0,767317.6,10539.166666666666,120691.8,12169.433333333334,2973.1,0.0,282026.89999999997,32448.666666666668,64746.299999999996,4649.599999999999,37252.666666666664,6.666666666666667,0.0,0.0,79213.90000000001,51192.833333333336,0.0,14914.800000000001,0.0,734.6666666666666,30299.933333333334,2.6666666666666665,0.0,0.0,0.0,0.0,0.0,0.0,0.0,0.0
해운대구 우2동,3667895.5,17375.333333333332,48643.799999999996,3225.3333333333335,0.0,2087470.3333333333,0.0,767317.6,10539.166666666666,120691.8,12169.433333333334,2973.1,0.0,282026.89999999997,32448.666666666668,64746.299999999996,4649.599999999999,37252.666666666664,6.666666666666667,0.0,0.0,79213.90000000001,51192.833333333336,0.0,14914.800000000001,0.0,734.6666666666666,30299.933333333334,2.6666666666666665,0.0,0.0,0.0,0.0,0.0,0.0,0.0,0.0
해운대구 우3동,3667895.5,17375.333333333332,48643.799999999996,3225.3333333333335,0.0,2087470.3333333333,0.0,767317.6,10539.166666666666,120691.8,12169.433333333334,2973.1,0.0,282026.89999999997,32448.666666666668,64746.299999999996,4649.599999999999,37252.666666666664,6.666666666666667,0.0,0.0,79213.90000000001,51192.833333333336,0.0,14914.800000000001,0.0,734.6666666666666,30299.933333333334,2.6666666666666665,0.0,0.0,0.0,0.0,0.0,0.0,0.0,0.0
해운대구 중1동,1453199.0,30386.5,42606.3,0.0,0.0,252512.25,0.0,694466.15,0.0,26569.85,11770.55,2311.05,0.0,242056.0,54452.0,20421.05,4134.0,11054.85,0.0,0.0,228.0,19300.6,4.0,0.0,10780.9,0.0,674.0,29395.95,75.0,0.0,0.0,0.0,0.0,0.0,0.0,0.0,0.0
해운대구 중2동,1453199.0,30386.5,42606.3,0.0,0.0,252512.25,0.0,694466.15,0.0,26569.85,11770.55,2311.05,0.0,242056.0,54452.0,20421.05,4134.0,11054.85,0.0,0.0,228.0,19300.6,4.0,0.0,10780.9,0.0,674.0,29395.95,75.0,0.0,0.0,0.0,0.0,0.0,0.0,0.0,0.0
해운대구 좌1동,2329345.175,99625.25,19949.075,1829.0,148.25,1279572.175,0.0,422259.775,0.0,54304.8,4500.025,246.275,0.0,161002.35,396.75,17519.8,0.0,24398.7,4933.825,0.0,2408.7,76678.4,4715.775,0.0,2522.125,0.0,2319.25,150014.45,0.425,0.0,0.0,0.0,0.0,0.0,0.0,0.0,0.0
해운대구 좌2동,2329345.175,99625.25,19949.075,1829.0,148.25,1279572.175,0.0,422259.775,0.0,54304.8,4500.025,246.275,0.0,161002.35,396.75,17519.8,0.0,24398.7,4933.825,0.0,2408.7,76678.4,4715.775,0.0,2522.125,0.0,2319.25,150014.45,0.425,0.0,0.0,0.0,0.0,0.0,0.0,0.0,0.0
해운대구 좌3동,2329345.175,99625.25,19949.075,1829.0,148.25,1279572.175,0.0,422259.775,0.0,54304.8,4500.025,246.275,0.0,161002.35,396.75,17519.8,0.0,24398.7,4933.825,0.0,2408.7,76678.4,4715.775,0.0,2522.125,0.0,2319.25,150014.45,0.425,0.0,0.0,0.0,0.0,0.0,0.0,0.0,0.0
해운대구 좌4동,2329345.175,99625.25,19949.075,1829.0,148.25,1279572.175,0.0,422259.775,0.0,54304.8,4500.025,246.275,0.0,161002.35,396.75,17519.8,0.0,24398.7,4933.825,0.0,2408.7,76678.4,4715.775,0.0,2522.125,0.0,2319.25,150014.45,0.425,0.0,0.0,0.0,0.0,0.0,0.0,0.0,0.0
해운대구 송정동,4157807.4,59290.0,95911.0,0.0,0.0,2428271.1,0.0,552629.8,6824.9,19223.4,2526.3,12678.3,15257.1,409027.4,72857.9,51616.7,2154.0,61398.8,0.0,0.0,0.0,11289.0,0.0,0.0,8294.2,0.0,4380.0,344177.5,0.0,0.0,0.0,0.0,0.0,0.0,0.0,0.0,0.0
해운대구 반여1동,2113695.25,6295.75,38291.775,0.0,0.0,988676.75,0.0,403960.2,58092.0,45570.575,11573.2,1528.5,2069.75,146562.5,2299.0,67453.0,0.0,39850.825,439.25,0.0,2594.75,24159.675,0.0,0.0,6687.75,0.0,1555.25,266034.75,0.0,0.0,0.0,0.0,0.0,0.0,0.0,0.0,0.0
해운대구 반여2동,2113695.25,6295.75,38291.775,0.0,0.0,988676.75,0.0,403960.2,58092.0,45570.575,11573.2,1528.5,2069.75,146562.5,2299.0,67453.0,0.0,39850.825,439.25,0.0,2594.75,24159.675,0.0,0.0,6687.75,0.0,1555.25,266034.75,0.0,0.0,0.0,0.0,0.0,0.0,0.0,0.0,0.0
해운대구 반여3동,2113695.25,6295.75,38291.775,0.0,0.0,988676.75,0.0,403960.2,58092.0,45570.575,11573.2,1528.5,2069.75,146562.5,2299.0,67453.0,0.0,39850.825,439.25,0.0,2594.75,24159.675,0.0,0.0,6687.75,0.0,1555.25,266034.75,0.0,0.0,0.0,0.0,0.0,0.0,0.0,0.0,0.0
해운대구 반여4동,2113695.25,6295.75,38291.775,0.0,0.0,988676.75,0.0,403960.2,58092.0,45570.575,11573.2,1528.5,2069.75,146562.5,2299.0,67453.0,0.0,39850.825,439.25,0.0,2594.75,24159.675,0.0,0.0,6687.75,0.0,1555.25,266034.75,0.0,0.0,0.0,0.0,0.0,0.0,0.0,0.0,0.0
해운대구 반송1동,7365594.6,123994.0,279803.5,0.0,0.0,4784083.95,0.0,504004.0,74816.0,118885.15,14548.6,4658.5,395.0,329189.9,11114.5,192157.8,0.0,66582.5,0.0,0.0,4014.55,34320.899999999994,0.0,0.0,12915.0,1039.25,6853.5,794085.0,0.0,0.0,0.0,0.0,0.0,0.0,0.0,0.0,0.0
해운대구 반송2동,3990645.9,61503.0,65376.5,0.0,0.0,2889094.95,0.0,414424.5,547.5,118885.15,13705.0,2386.5,99.0,155922.2,2305.5,27872.5,0.0,46936.5,0.0,0.0,4014.55,14175.8,0.0,0.0,12915.0,1039.25,2030.5,157412.0,0.0,0.0,0.0,0.0,0.0,0.0,0.0,0.0,0.0
해운대구 재송1동,2139281.95,9416.85,25865.15,0.0,0.0,811493.65,0.0,655127.8,11286.0,60528.15,7808.0,2994.55,24633.2,277595.5,21599.5,127719.5,804.0,36377.9,0.0,0.0,182.15,12734.85,574.0,0.0,10641.25,0.0,729.0,41170.95,0.0,0.0,0.0,0.0,0.0,0.0,0.0,0.0,0.0
해운대구 재송2동,2139281.95,9416.85,25865.15,0.0,0.0,811493.65,0.0,655127.8,11286.0,60528.15,7808.0,2994.55,24633.2,277595.5,21599.5,127719.5,804.0,36377.9,0.0,0.0,182.15,12734.85,574.0,0.0,10641.25,0.0,729.0,41170.95,0.0,0.0,0.0,0.0,0.0,0.0,0.0,0.0,0.0
